Akun_ID,Username,password
1,wruxton0,27104188
2,vgheorghie1,86689904
3,smehew2,12738528
4,life3,71848824
5,gmoine4,11972077
6,scurm5,89790812
7,hchittim6,15094820
8,vsegoe7,33050536
9,fhumphrey8,62094129
10,dtruckett9,25591082
11,hwylliea,56530802
12,gbotlyb,44514666
13,gnevillec,86651327
14,rrittmeyerd,38802680
15,cdahille,41806960
16,mromaof,83146010
17,kmalsherg,12968750
18,tfrantzh,59212144
19,snaisbeti,79438308
20,alivensj,81161469
21,hdabelk,74154739
22,iputtockl,81006486
23,svasyutkinm,63192240
24,gfraschettin,99355566
25,bwillano,82782551
26,rlowndsboroughp,42657334
27,lphizakarleyq,26182949
28,erissenr,93461614
29,chalfpennys,24477744
30,hfahrenbachert,61758988
31,rdemeisu,35048702
32,ckeesev,11598993
33,ecurrinw,86888660
34,hriddlesx,24351929
35,dranny,77073380
36,ballchinz,15904574
37,lclement10,92734269
38,cbiset11,16958174
39,ifarrey12,24357999
40,mcowans13,18345878
41,awetter14,28865817
42,agambell15,55400868
43,pmarczyk16,27961795
44,pservante17,64700957
45,bbraksper18,10693246
46,ciannuzzelli19,98504692
47,araulin1a,88823021
48,cshakesbye1b,75822051
49,cspehr1c,48033347
50,dfarrimond1d,10500851
